siteid,heat_elec,heat_elec_type,heat_elec_control,heat_elec_dist,heat_gas,heat_gas_type,heat_gas_control,heat_gas_dist,backup_elec,backup_gas,backup_other,num_bath,num_bedroom,MoveIn,year_built,homebusiness,homerent,primaryres,income_support,workingoutside,num_occupant,has_kid,has_senior,dish_load,washer_load,ac_use,heat_sp,heat_sp_night,avg_height,ua_ceiling,has_dryer,num_computer,cook_elec,cook_gas,has_washer,dryer_elec,dryer_gas,num_audio,num_charger,num_game,num_tv,y_kwh,y_kbtu,light_ex_watt,ua_floor,light_in_watt,bldg_type,level_floor,num_room,tot_sqft,tot_vol,fraction_window,hdd65,cdd65,population_city,pv,year_ref,vol_ref,flow_shower,ua_total,ua_wall,hw_elec,hw_gas,hw_btuhr,hw_kw,hw_solar,hw_conditioned,hw_year,hw_size,hw_type,ua_window
10040,1,baseboard,thermostat,zonal,0,none,none,none,0,0,0,2,3,1994,1924,0,0,1,0,1,7,1,0,10,10,0,NA,NA,9,NA,1,1,1,0,1,1,0,2,4,1,2,19610.931640625,NA,225,127.600006103516,3302,Single,1.5,12,1939,14085,0.100000001490116,4320,264,214991.5,0,1995.5,16.5,2,NA,NA,1,0,0,5.5,0,1,1999,50,tank,83.05000180006027
10388,1,baseboard,thermostat,zonal,0,none,none,none,1,0,0,1,1,2009,1912,0,0,1,0,2,2,0,0,1,2,0,67,65,7.5,67.3600006103516,1,1,1,0,1,1,0,2,0,3,2,12871.2412109375,NA,13,52.6348724365234,477,Single,1.5,10,943,7072.5,0.230000004172325,5288,123,108387.3359375,0,2010,14,2.5,300.374877929688,106.129997253418,1,0,0,4.5,0,1,1999,40,tank,74.24999803304671
10887,1,hp,programmable,ducted,0,none,none,none,1,0,0,2,4,1975,1900,0,0,1,0,2,3,0,1,2,3,0,72,72,8.5,52.9000015258789,1,2,1,0,1,1,0,5,2,0,3,48829.87890625,NA,180,114.129776000977,3001,Single,1.5,15,2514,21369,0.189999997615814,5288,123,108387.3359375,0,2006,22,2,984.2197265625,462.639984130859,1,0,0,4.5,0,1,2003,50,tank,354.54999500513077
11418,1,hp,programmable,ducted,0,none,none,none,0,0,0,2,3,2008,2008,0,0,1,0,1,3,1,0,4,7,1,68,64,8,33.1500015258789,1,15,1,0,1,1,0,1,5,1,2,10570.373046875,NA,60,40.0950317382813,1000,Single,1,9,1326,10608,0.189999997615814,4673,287,513022.625,0,2005,16,4,255.6650390625,87.9199981689453,1,0,0,4.5,0,0,2008,50,tank,94.4999974966049
11775,1,hp,thermostat,ducted,0,none,none,none,1,0,0,3,2,2003,1977,0,0,1,0,0,2,0,1,7,4,1,71,50,8,144.979995727539,1,1,1,0,1,1,0,2,1,0,2,18939.662109375,NA,165,87.8666687011719,2408,Single,1,11,1318,10544,0.150000005960464,5372,106,679039.5,0,1996.6666666666667,19,4.5,537.056640625,210.859985351563,1,0,0,4.5,0,0,2003,50,tank,93.34999984502792
12063,1,faf,programmable,ducted,0,none,none,none,1,0,0,NA,NA,NA,NA,NA,NA,NA,NA,NA,NA,NA,NA,NA,NA,NA,NA,NA,NA,NA,0,3,NA,NA,0,NA,NA,1,5,0,1,NA,NA,NA,NA,1296,NA,NA,NA,NA,NA,NA,NA,NA,NA,NA,NA,0,NA,NA,NA,1,0,0,0,0,0,NA,5,tank,35.75000077486038
12507,1,hp,thermostat,zonal,0,none,none,none,1,0,0,1,1,2000,1949,0,0,1,0,2,3,1,0,2,4,1,68,68,8,97.3400039672852,1,1,1,0,1,1,0,4,5,0,3,18495.541015625,NA,100,110.962509155273,1957,Single,1,8,1142,9136,0.25,4705,188,214991.5,0,2008.5,15,NA,472.472503662109,149.720001220703,1,0,0,4.5,0,0,1999,50,tank,103.04999727010726
12975,1,hp,programmable,ducted,0,none,none,none,1,0,0,2,3,1992,1977,1,0,1,0,2,2,0,0,2,3,1,69,55,8,112.860000610352,1,2,1,0,1,1,0,3,7,1,6,16745.37109375,NA,206,159.509643554688,3248,Single,1,10,1188,9504,0.150000005960464,4533,313,513022.625,0,1989.3333333333333,14.333333333333334,3.5,511.279632568359,172.309997558594,1,0,0,4.5,0,0,2008,40,tank,66.5999982357025
12994,0,none,none,none,1,faf,thermostat,ducted,1,0,0,4,4,1975,1906,0,0,1,0,0,2,0,1,5,6,0,65,65,9,293.279998779297,1,1,1,0,1,1,0,0,1,0,2,11668.193359375,67142.01196714476,1150,87.4800033569336,5886,Single,2,21,4320,38880,0.159999996423721,4415,374,513022.625,0,2002,17.5,4,2174.46997070313,1299.4599609375,0,1,40000,0,0,1,1999,50,tank,494.25
13019,0,none,none,none,1,faf,thermostat,ducted,1,1,0,3,3,1992,1966,0,0,1,0,4,4,0,1,4,7,0,68,55,8.5,100.305000305176,1,1,1,0,1,1,0,1,6,0,2,10750.9599609375,83837.45927791136,284,182.658615112305,3429,Single,1,18,3177,27004.5,0.140000000596046,4415,374,513022.625,0,1984,21.666666666666668,6,781.043640136719,391.900024414063,0,1,40000,0,0,1,2008,50,tank,106.18000033497806
13222,1,duelfuelhp,programmable,ducted,0,none,none,none,0,1,0,2,3,1988,1963,1,0,1,0,2,2,0,0,2,5,1,64,60,8,161.400009155273,1,2,1,0,1,1,0,7,4,0,3,11293.2294921875,53574.47291345215,438,74.5200042724609,2333,Single,1.5,15,2152,17216,0.129999995231628,5208,79,210390.140625,0,2006,15.333333333333334,2.75,963.880004882813,592.659973144531,0,1,40000,0,0,1,2005,50,tank,135.30000293254855
13248,1,hp,NA,ducted,0,none,none,none,1,0,0,2,3,2006,1995,0,0,1,0,2,6,1,0,3,5,1,67,62,8.5,89.4399948120117,1,2,1,0,1,1,0,5,6,0,3,15008.275390625,NA,116,35.1105117797852,2345,Single,1,11,1112,9452,0.170000001788139,5288,123,108387.3359375,0,2004.5,23,5,287.670501708984,83.6199951171875,1,0,0,4.5,0,0,1990,50,tank,74.69999802112578
13261,0,none,none,none,1,faf,programmable,ducted,0,0,0,2,5,2006,1947,1,0,1,0,2,4,1,0,7,7,1,66,62,8,279.679992675781,1,1,0,1,1,1,0,1,5,1,4,10517.3408203125,54342.72187524414,26,84.2400054931641,1732,Single,1.5,15,2944,23552,0.119999997317791,4415,374,513022.625,0,2005.3333333333333,20,3,855.760009765625,310.040008544922,0,1,40000,0,0,1,2005,50,tank,181.80000722408298
13336,0,none,none,none,1,faf,programmable,ducted,0,0,0,3,3,1993,1993,0,0,1,0,2,2,0,0,0,3,0,70,NA,8,46.5,1,2,1,0,1,1,0,0,4,2,3,5075.52587890625,55111.947166137696,56,154.575500488281,2196,Single,1.5,13,1535,12280,0.170000001788139,4744,283,513022.625,0,1992,19,8,465.935485839844,118.159996032715,0,1,34000,0,0,0,1993,40,tank,115.50000250339508
13400,0,none,none,none,1,faf,programmable,ducted,0,0,0,3,5,1981,1974,0,0,1,0,2,3,0,1,3,7,1,64,60,8,44,1,4,1,0,1,1,0,0,6,0,6,9760.81640625,72290.89095416873,39,66.5226821899414,4724,Single,1,16,2200,17600,0.170000001788139,4214,433,513022.625,0,2002.5,17.5,4,396.722686767578,144,0,1,36000,0,0,0,1989,50,tank,142.19999623298642
13445,1,hp,programmable,ducted,0,none,none,none,1,0,0,3,3,2007,2002,0,0,1,0,1,2,0,0,1,2,1,68,65,11.5,101.259994506836,1,2,1,0,1,1,0,4,4,0,1,30329.388671875,NA,387,64.5098266601563,6318,Single,2,24,3440,39560,0.140000000596046,4906,8,679039.5,0,2002,32,3.75,615.349792480469,177.880004882813,1,0,0,4.5,0,0,2002,55,tank,266.89999425411224
13554,0,none,none,none,1,faf,programmable,ducted,1,0,0,3,4,2009,2009,0,0,1,0,1,4,1,0,7,1,0,69,69,8.5,37.9599990844727,1,3,1,1,1,1,0,0,2,0,1,3984.76489257813,81781.06000568847,69,51.3301086425781,1756,Single,2,21,3101,26358.5,0.129999995231628,4320,264,679039.5,0,2009,25,3.75,403.225128173828,148.935012817383,0,1,40000,0,0,1,2008,50,tank,164.99999570846555
13691,0,none,none,none,1,faf,programmable,ducted,0,0,0,3,4,1989,1988,1,0,1,0,0,2,0,0,5,7,1,69,61,8,135,1,2,1,1,1,1,0,1,4,1,6,24698.462890625,126251.0077606814,855,191.233459472656,7188,Single,3,23,5059,40472,0.170000001788139,4214,433,513022.625,0,2009,25,10,1151.87353515625,381.640014648438,0,1,76000,0,0,0,2007,75,tank,418.8000166416169
13880,0,none,none,none,1,faf,programmable,ducted,1,0,0,3,4,2009,2004,0,0,1,0,2,2,0,0,1,2,0,68,60,8.5,52.5500030517578,1,1,0,1,1,1,0,4,2,1,4,6978.185546875,72822.72792607422,95,50.4006500244141,NA,Single,2,23,2848,24208,0.150000005960464,5372,106,679039.5,0,2001,18.333333333333332,3.5,438.390655517578,184.240005493164,0,1,40000,0,0,0,2003,50,tank,151.20000225305537
13895,0,none,none,none,1,htstove,NA,zonal,1,0,0,NA,NA,NA,NA,NA,NA,NA,NA,NA,NA,NA,NA,NA,NA,NA,NA,NA,NA,NA,0,2,NA,NA,0,NA,NA,1,3,0,1,NA,NA,NA,NA,859,NA,NA,NA,NA,NA,NA,NA,NA,NA,NA,NA,0,NA,NA,NA,NA,NA,NA,NA,NA,NA,NA,NA,NA,NA
13903,0,none,none,none,1,faf,thermostat,ducted,1,0,0,4,3,2003,1982,1,0,1,0,0,2,0,0,2,3,1,68,67,8,88.3400039672852,1,3,1,0,1,1,0,1,4,0,1,13030.4609375,81649.2006584656,729,225.031463623047,4070,Single,1.5,15,3734,29872,0.159999996423721,4533,313,513022.625,0,2006.5,17.5,4.5,1186.04150390625,458.720031738281,1,0,0,4.5,0,1,2008,50,tank,413.95001161098486
13948,0,none,none,none,1,faf,programmable,ducted,1,1,0,2,3,1996,1900,0,0,1,0,2,2,0,1,3,3,0,70,67,9.5,53.2699966430664,1,3,0,1,1,1,0,4,3,0,1,4564.61279296875,135062.73182158204,423,70.9283447265625,2748,Single,2,16,2107,20016.5,0.129999995231628,4320,264,214991.5,0,2002,23,3.5,535.808349609375,259.860015869141,0,1,40000,0,0,1,2001,50,tank,151.7500028014183
13956,0,none,none,none,1,boiler,programmable,combo,1,0,0,2,3,1994,1914,0,0,1,0,2,3,1,0,2,4,0,68,58,8,97.5199966430664,1,5,1,0,1,NA,NA,4,5,1,3,4803.79541015625,88755.23506453862,73,78.6633758544922,2203,Single,2,25,3254,26032,0.140000000596046,4320,264,214991.5,0,2011,24,NA,835.433349609375,431.799987792969,0,1,0,0,0,1,NA,NA,tank,222.64999550580978
13970,0,none,none,none,1,faf,programmable,ducted,1,0,0,2,3,1999,1928,0,0,1,0,1,2,0,0,4,2,0,68,55,8.5,48.0439987182617,1,2,0,1,1,1,0,4,0,0,1,6871.95947265625,106144.96220354055,186,110.040008544922,2666,Single,2.5,22,2466,20961,0.150000005960464,4320,264,214991.5,0,2002,22,1.75,1259.13403320313,829.600036621094,0,1,36000,0,0,1,1997,50,tank,271.4499960541725
13974,0,none,none,none,1,faf,programmable,ducted,1,0,0,2,3,2008,1963,0,0,1,0,2,5,1,0,5,5,1,70,72,8.5,59.5,1,1,1,0,1,1,1,5,2,2,1,12539.0048828125,113045.48543579102,538,79.487174987793,2338,Single,1,10,1240,10540,0.170000001788139,5208,79,210390.140625,0,2004.5,14.5,6,427.517181396484,191.080001831055,0,1,36000,0,0,0,2002,50,tank,97.45000141859055
13975,0,none,none,none,1,faf,programmable,ducted,0,1,0,3,3,2007,2002,0,0,1,0,1,7,1,0,11,20,0,68,55,8,60.7500038146973,1,2,1,0,1,1,0,0,3,0,1,8433.109375,49433.058773245226,400,43.5472526550293,4017,Single,2,14,1578,12624,0.119999997317791,5421,10,679039.5,0,2004.5,19,4,311.857238769531,118.959999084473,0,1,40000,0,0,0,2002,50,tank,88.60000193119049
14000,0,none,none,none,1,faf,programmable,ducted,1,0,0,2,3,1992,1907,0,1,1,0,1,1,0,0,2,3,0,66,62,7.5,75.6499938964844,1,1,1,0,1,1,0,4,2,0,1,7196.478515625,71342.5641916504,100,62.6400032043457,3369,Single,2,17,2268,17010,0.119999997317791,4320,264,214991.5,0,2001,19,2.75,636.340026855469,351.850006103516,1,0,0,4.5,0,1,1998,50,tank,146.20000076293945
14015,0,none,none,none,1,faf,programmable,ducted,0,1,0,3,4,2003,2003,0,0,1,0,1,2,0,0,4,3,1,68,60,8.5,58.9749984741211,1,7,1,0,1,1,0,5,8,0,2,5801.6220703125,79972.42254915777,771,74.1148986816406,1444,Single,2,20,2969,25236.5,0.170000001788139,4500,230,679039.5,0,2007.5,18.5,2.5,525.689880371094,195,0,1,40000,0,0,0,2003,50,tank,197.60000112652767
14073,0,none,none,none,1,faf,programmable,ducted,1,0,0,3,3,2008,1979,1,0,1,0,1,3,1,0,7,7,1,66,60,10,123.160003662109,1,8,1,0,1,1,0,6,12,2,2,11487.775390625,84477.63826980589,830,91.4400024414063,3476,Single,2,22,2936,29360,0.150000005960464,5208,79,210390.140625,0,2010,29,9,965.580017089844,403.029998779297,0,1,40000,0,0,1,2005,50,tank,307.750001847744
14102,0,none,none,none,1,faf,programmable,ducted,0,0,0,3,3,2005,2005,0,0,1,0,0,2,0,1,12,5,1,68,60,10,98.1349945068359,1,4,0,1,1,0,1,2,8,0,5,12811.1083984375,111788.41290107422,615,60.795970916748,NA,Single,1.5,18,2722,27220,0.150000005960464,5288,123,679039.5,0,2005,31,8.25,484.170989990234,139.389999389648,0,1,40000,0,0,0,2004,50,tank,185.8499950766563
14150,0,none,none,none,1,faf,thermostat,ducted,0,0,0,1,2,2008,1950,0,1,1,0,0,1,0,1,0,1,1,70,60,8,19.9599990844727,1,NA,1,0,1,1,0,1,0,0,1,6046.82568359375,52707.370630126956,690,112.79606628418,1920,Single,1,8,998,7984,0.209999993443489,4533,313,513022.625,0,1995.6666666666667,15,2,358.076080322266,114.92000579834,1,0,0,4.5,0,0,1992,52,tank,110.40000110864639
14153,0,none,none,none,1,faf,programmable,ducted,0,0,0,2,3,2009,1975,0,0,1,0,2,4,1,0,6,5,0,66,58,8,74.7099990844727,1,1,1,0,1,1,0,0,2,0,0,7839.212890625,35111.744836691294,120,102.804656982422,2228,Single,2,11,1519,12152,0.159999996423721,4415,374,513022.625,0,2004,22,4,482.754669189453,181.84001159668,1,0,0,4.5,0,0,2005,50,tank,90.89999759197234
14174,1,duelfuelhp,programmable,ducted,0,none,none,none,0,1,1,3,3,2003,1968,0,0,1,0,1,6,1,0,7,6,1,71,71,8,26.519998550415,1,4,1,0,1,1,0,4,7,2,4,16569.75,53866.98721433714,79,195.860015869141,3281,Single,1.5,15,2054,16432,0.170000001788139,4744,283,513022.625,0,2001,20,4,718.210021972656,290.47998046875,0,1,40000,0,0,0,1992,50,tank,205.35000091791176
14181,0,none,none,none,1,faf,programmable,ducted,1,0,0,1,2,2006,1925,0,0,1,0,2,3,1,0,2,5,0,68,64,7.75,71.3099975585938,1,1,1,0,1,1,0,3,3,0,1,5698.77880859375,29703.702340686086,73,63.7200012207031,1370,Single,1.5,12,2052,15903,0.100000001490116,4320,264,214991.5,0,2010,22,3.5,880.799987792969,667.719970703125,1,0,0,4,0,1,2008,50,tank,78.04999798536299
14211,0,none,none,none,1,faf,programmable,ducted,1,0,0,2,3,2000,1931,0,0,1,0,1,2,0,0,2,4,0,68,62,8.5,34.1100006103516,1,12,1,0,1,1,0,4,1,0,1,9510.076171875,64754.283210192916,645,69.120002746582,2686,Single,1.5,24,2669,22686.5,0.0799999982118607,4320,264,214991.5,0,1997,20.5,3.5,1154.26000976563,923.080017089844,1,0,0,3.799999952,0,1,1997,50,tank,127.95000118017197
14222,0,none,none,none,1,faf,thermostat,ducted,1,0,0,3,3,1964,1964,0,0,1,0,0,1,0,0,2,3,0,63,NA,8,40.75,1,2,1,0,1,1,0,0,2,0,2,5295.09033203125,29724.089312738062,499,137.279998779297,2007,Single,1.5,17,2520,20160,0.109999999403954,4320,264,214991.5,0,1981,19,4.5,648.280029296875,341,1,0,0,4,0,0,1994,65,tank,129.2500028014183
14264,0,none,none,none,1,faf,thermostat,ducted,0,0,1,3,3,1968,1968,0,0,1,0,0,2,0,1,1,1,0,68,50,8,143,1,1,1,0,1,1,0,1,4,0,2,6313.111328125,76514.1733405701,400,103.949996948242,3787,Single,1.5,15,1960,15680,0.150000005960464,4500,230,679039.5,0,2001,19,3.5,703.320007324219,312.769989013672,0,1,36000,0,0,1,1999,40,tank,143.60000216960907
14273,0,none,none,none,1,faf,programmable,ducted,0,0,0,3,4,2006,1997,0,0,1,0,2,6,1,1,0,3,0,70,70,8.75,27.1949996948242,1,11,1,0,1,1,0,1,4,1,1,6429.18408203125,61563.16374584961,28,67.4850006103516,2230,Multiplex,2,16,1894,16572.5,0.170000001788139,4500,230,679039.5,0,2009,21,6,385.97998046875,129.049987792969,0,1,35500,0,0,0,2007,40,tank,162.25000351667404
14277,0,none,none,none,1,faf,programmable,ducted,1,0,0,3,3,2006,1987,0,1,1,0,1,4,1,0,1,4,0,68,64,10,51.8899993896484,1,2,1,0,1,1,0,0,3,1,1,7129.33447265625,76371.31808684082,280,47.6827087402344,2227,Single,2,16,1751,17510,0.140000000596046,4320,264,679039.5,0,2000.5,14,4,450.28271484375,191.260009765625,0,1,65000,0,0,0,2005,50,tank,159.45000034570694
14284,0,none,none,none,1,faf,programmable,ducted,0,0,0,4,5,1975,1928,0,0,1,0,2,5,1,1,4,5,0,68,62,7.75,20.4599990844727,1,2,1,0,1,1,0,4,12,0,1,8388.7041015625,68382.91405111697,21,69.120002746582,2943,Single,2,24,3063,23738.25,0.140000000596046,4320,264,214991.5,0,1992,19,4.5,927.719970703125,514.190002441406,1,0,0,4.5,0,1,2007,50,tank,323.9499959349632
14285,1,faf,thermostat,ducted,0,none,none,none,1,0,0,1,3,1982,1921,1,0,1,0,0,2,0,1,0,4,0,70,50,8,105.679992675781,1,18,1,0,0,1,0,7,6,0,1,23073.521484375,NA,40,86.65625,3406,Single,1.5,17,2356,18848,0.119999997317791,4320,264,214991.5,0,2008,18,1.75,717.646240234375,308.709991455078,1,0,0,4.5,0,1,2001,50,tank,216.5999972820282
14300,1,baseboard,thermostat,zonal,0,none,none,none,1,0,0,NA,NA,NA,NA,NA,NA,NA,NA,NA,NA,NA,NA,NA,NA,NA,NA,NA,NA,NA,0,1,NA,NA,0,NA,NA,4,2,0,2,NA,NA,NA,NA,1546,NA,NA,NA,NA,NA,NA,NA,NA,NA,NA,NA,0,NA,NA,NA,NA,NA,NA,NA,NA,NA,NA,NA,NA,18.99999976158142
14329,0,none,none,none,1,faf,programmable,ducted,0,0,0,3,3,1998,1968,1,0,1,0,0,2,0,1,1,3,1,68,62,8,39.0599975585938,1,1,1,1,1,1,0,2,2,0,1,12533.57421875,43035.552498233075,1070,51.8430023193359,2195,Single,1,14,1953,15624,0.150000005960464,4744,283,513022.625,0,2003.5,22.5,2,408.263000488281,172.760009765625,1,0,0,4.5,0,0,2011,50,tank,134.20000290870667
14331,1,hp,programmable,ducted,0,none,none,none,1,0,0,2,3,1991,1974,0,0,1,0,0,2,0,1,5,4,1,68,63,8,66.2200012207031,1,1,1,0,1,1,0,1,2,0,2,16269.455078125,NA,1360,119.843338012695,2791,Single,1,10,1892,15136,0.170000001788139,4673,287,513022.625,0,1995.5,21,3,487.933349609375,156.120010375977,1,0,0,4.5,0,1,2010,50,tank,145.75000315904617
14508,1,hp,programmable,ducted,0,none,none,none,1,0,0,5,4,1985,1978,0,0,1,0,0,2,0,1,7,7,1,69,65,8.25,61.5050010681152,1,1,1,0,1,1,0,6,1,0,3,17840.76171875,NA,805,85.3199996948242,6384,Single,2.5,22,3507,28932.75,0.170000001788139,5288,123,679039.5,0,2004,23,3.5,883.764953613281,490.639984130859,1,0,0,5.5,0,1,2000,80,tank,239.09999448060987
14542,1,hp,programmable,ducted,0,none,none,none,0,0,1,3,5,1992,1992,0,0,1,0,0,2,0,0,5,4,1,70,66,8,88.2000045776367,1,1,1,0,1,1,0,2,4,0,3,23606.296875,NA,660,200.420928955078,5088,Single,2.5,20,3440,27520,0.209999993443489,4638,270,53461.19921875,0,1992,23.5,8,954.380920410156,318.359985351563,1,0,0,9,0,1,1998.5,50,tank,347.4000138044358
14545,0,none,none,none,1,faf,programmable,ducted,0,0,0,2,3,2001,1949,0,0,1,0,1,2,0,0,2,2,0,72,68,8,32.5,1,2,1,0,1,1,0,0,2,0,3,7557.77294921875,48175.25094067383,404,41.046459197998,1393,Single,1,10,1300,10400,0.209999993443489,4638,270,53461.19921875,0,2002.6666666666667,16.666666666666668,4,742.036437988281,498.239990234375,1,0,0,4.5,0,1,1987,50,tank,170.25
14560,0,none,none,none,1,faf,programmable,ducted,0,1,0,3,3,2011,2011,1,0,1,0,1,5,1,0,3,7,0,70,68,9,26,1,6,1,1,1,0,1,0,6,0,1,NA,NA,500,39.4785461425781,NA,Single,2,16,2236,20124,0.159999996423721,4744,283,513022.625,0,2010,21,6,384.388549804688,168.160003662109,0,1,40000,0,0,0,2011,50,tank,145.34999614953992
14577,0,none,none,none,1,faf,thermostat,ducted,0,0,0,2,4,1962,1958,0,0,1,0,0,1,0,1,2,4,0,66,58,8,32.2999992370605,1,NA,1,0,1,1,0,1,0,0,1,4829.728515625,55607.78810448003,120,85.7470855712891,1917,Single,1,12,2402,19216,0.119999997317791,4415,374,513022.625,0,2005.5,20,2,1221.287109375,975.640014648438,1,0,0,4.5,0,1,2006,50,tank,127.60000276565552
14646,1,hp,programmable,ducted,0,none,none,none,0,0,0,2,2,1993,1952,0,0,1,0,2,3,0,0,7,4,1,72,65,8,22.5,1,6,1,0,1,1,0,0,5,0,1,19168.365234375,NA,44,98.3964996337891,1238,Single,1,7,1125,9000,0.170000001788139,4638,270,53461.19921875,0,1997,17.5,4,294.276489257813,104.080001831055,1,0,0,4.5,0,0,2007,50,tank,69.29999816417693
14674,0,none,none,none,1,faf,thermostat,ducted,0,0,1,2,3,2009,1973,0,0,1,0,1,1,0,0,1,4,0,68,60,8,86.2399978637695,1,1,1,1,1,1,0,1,4,0,1,4896.716796875,62729.06544865115,159,166.76008605957,2813,Single,1,11,1380,9936,0.159999996423721,4415,374,513022.625,0,2006.5,11.5,3,534.090087890625,163.239990234375,0,1,40000,0,0,1,2010,40,tank,117.85000026226044
20020,1,faf,programmable,ducted,0,none,none,none,1,0,0,3,4,2006,2000,1,0,1,0,1,2,0,0,2,3,1,70,65,8,50.6500015258789,1,4,1,0,1,1,0,0,5,0,1,49006.859375,NA,349,53.5506591796875,2412,Single,1,13,2026,16208,0.159999996423721,7275,241,171385.890625,0,1999.5,18.75,5,370.830657958984,116.479995727539,1,0,0,9,0,1,1998,50,tank,150.1500032544136
20215,1,faf,thermostat,ducted,0,none,none,none,0,0,1,3,4,1971,1971,0,0,1,0,0,2,0,1,4,3,0,70,55,8,44.75,1,1,1,0,1,1,0,2,1,0,0,20863.349609375,NA,920,125.295753479004,5290,Single,2,15,3038,24304,0.129999995231628,5330,5,166107.25,0,1984.5,19,4,639.255737304688,322.959991455078,1,0,0,5.5,0,0,2005,55,tank,146.24999612569806
20230,1,baseboard,thermostat,zonal,0,none,none,none,0,0,1,2,3,1965,1965,0,0,1,0,0,1,0,0,1,1,0,71,66,8,55.7550010681152,1,2,1,0,1,1,0,3,5,0,1,23676.302734375,NA,150,86.4000015258789,2295,Single,1.5,18,2478,19824,0.109999999403954,7372,314,83561.6015625,0,1987.5,16.5,3.5,712.905029296875,371,1,0,0,4.5,0,1,2002,50,tank,199.75000560283664
20553,0,none,none,none,1,faf,programmable,ducted,1,0,0,2,3,2005,1918,1,0,1,0,2,4,1,0,0,6,1,72,65,8,229.389999389648,1,3,1,0,0,1,0,4,0,2,3,10497.2099609375,143877.0431546018,400,158.613021850586,1916,Single,2,13,2778,22224,0.189999997615814,5729,660,442934.4375,0,1999,18,5,1702.86291503906,975.909912109375,0,1,40000,0,0,1,2004,40,tank,338.95000040531164
20685,0,none,none,none,1,faf,thermostat,ducted,0,1,0,2,3,2006,2004,0,0,1,0,0,2,0,1,1,2,1,70,64,9,114.169998168945,1,1,0,1,1,1,0,0,3,0,2,6203.376953125,72327.33243788454,844,64.4098281860352,3147,Single,1,12,1631,14679,0.150000005960464,5453,957,442934.4375,0,2002.6666666666667,24,3,476.019836425781,172.040008544922,0,1,40000,0,0,0,2003,50,tank,125.4000027179718
20702,0,none,none,none,1,faf,thermostat,ducted,1,0,0,1,3,1977,1896,0,0,1,0,0,1,0,0,1,2,0,72,60,7.5,90.7200012207031,1,NA,1,0,1,1,0,5,4,0,2,5376.810546875,NA,200,69.120002746582,1726,Single,2,11,2464,18480,0.0900000035762787,7733,311,204565.09375,0,1989,16,1.75,596.080017089844,317.440002441406,0,1,42000,0,0,1,2009,50,tank,118.80000257492071
20775,0,none,none,none,1,faf,programmable,ducted,0,1,0,3,4,2000,2000,0,0,1,0,2,4,1,0,7,7,0,65,65,10,49.125,1,1,0,1,1,0,1,2,5,1,2,8035.96484375,168294.37496253688,450,101,5020,Single,1.5,22,3930,39300,0.140000000596046,8184,233,204565.09375,0,1998.5,22,6,800.364990234375,332.889984130859,0,1,40000,0,0,1,1999,50,tank,317.350006878376
20807,0,none,none,none,1,faf,thermostat,ducted,1,1,0,3,3,2006,1969,0,0,1,0,1,4,1,0,5,5,1,72,68,8,65.25,1,NA,1,0,1,1,0,2,11,2,4,18068.041015625,54782.16760385742,652,131.977676391602,5638,Single,1,21,3683,29464,0.0599999986588955,4784,1154,282240.03125,0,2005,19.5,4.5,691.677673339844,402.400024414063,1,0,0,4.5,0,1,2001,50,tank,86.8499976992607
20998,1,hp,thermostat,ducted,0,none,none,none,0,0,0,3,4,1979,1979,1,0,1,0,1,3,0,0,7,3,1,68,62,8,48.6749992370605,1,10,1,0,1,1,0,4,2,1,5,47010.08984375,NA,600,180.270202636719,5214,Single,1.5,17,2643,21144,0.109999999403954,6488,617,442934.4375,0,1999.6666666666667,23.666666666666668,8.25,540.525207519531,206.279998779297,1,0,0,5.5,0,1,2007,50,tank,105.29999721050261
21143,1,hp,thermostat,zonal,0,none,none,none,1,0,0,2,2,1998,1989,0,0,1,0,1,2,0,0,0,4,0,73,NA,8,34.1500015258789,1,1,1,0,1,1,0,1,3,2,2,3359.29541015625,NA,161,69.1062393188477,1782,Single,1,10,1366,10928,0.140000000596046,4943,0,166107.25,1,2009.5,20,3,301.126220703125,64.9199981689453,1,0,0,4.5,1,1,2011,50,tank,114.75
21298,0,none,none,none,1,faf,programmable,ducted,1,0,0,3,4,2007,1958,0,0,1,0,0,4,1,1,7,7,1,73,70,8,58.625,1,4,0,1,1,1,0,5,2,2,2,19372.244140625,90964.65561726074,281,105.840003967285,2549,Single,1,16,3196,25568,0.150000005960464,5729,660,442934.4375,0,2005,18,4,796.255004882813,454.039978027344,1,0,0,4.5,0,1,2005,50,tank,177.74999529123303
21343,0,none,none,none,1,faf,programmable,ducted,1,0,0,2,4,1963,1958,0,0,1,0,0,2,0,1,2,3,1,72,68,8,42,1,1,1,0,1,1,0,1,4,1,4,6772.13330078125,42133.96749145204,4510,119.01286315918,2835,Single,1,12,2100,16800,0.109999999403954,4533,313,272743.1875,0,2001.3333333333333,15,3,414.512878417969,144.600006103516,0,1,40000,0,0,1,2003,40,tank,108.90000236034393
21355,1,faf,programmable,ducted,0,none,none,none,0,0,0,1,3,2009,1979,1,0,1,0,1,2,0,1,2,2,1,71,69,8,36.4000015258789,1,2,1,0,1,1,0,1,1,0,3,13913.7939453125,NA,240,28.5452861785889,1749,Single,1,9,1040,8320,0.129999995231628,4533,313,272743.1875,0,2009,18,3,319.8652884960174,133.919998168945,1,0,0,4.5,0,1,2006,50,tank,121.00000262260458
21414,1,hp,programmable,ducted,0,none,none,none,0,0,0,3,3,1994,1985,0,0,1,0,2,3,0,0,4,7,1,70,68,8,102.675003051758,1,2,1,0,1,1,0,1,3,0,4,17150.765625,NA,196,54.0631866455078,2468,Single,1,12,1369,10952,0.129999995231628,5898,509,282240.03125,0,1994,22,5,360.108215332031,120.320007324219,1,0,0,3.5,0,1,2009,50,tank,83.05000180006027
21588,1,baseboard,thermostat,zonal,0,none,none,none,0,0,0,1,2,2008,1978,0,1,1,0,0,1,0,1,3,3,0,68,65,8,NA,1,1,1,0,1,NA,NA,0,4,0,2,7958.07763671875,NA,13,89.0600051879883,1093,Multiplex,1,7,950,7600,0.100000001490116,6433,264,442934.4375,0,2002,19,4.5,226.940002441406,89.879997253418,1,0,0,4.5,0,1,2003,50,tank,48.00000190734864
21615,0,none,none,none,1,faf,programmable,ducted,0,0,0,2,3,2007,2004,0,0,1,0,0,2,0,1,6,3,1,71,68,9,43.5750007629395,1,1,1,0,1,1,0,0,5,0,1,6214.80517578125,77567.38225682378,570,42.4229049682617,2054,Single,1,11,1605,14445,0.109999999403954,7275,241,282240.03125,0,2004,20.666666666666668,4.5,269.827911376953,88.6799926757813,0,1,40000,0,0,0,2004,40,tank,95.15000206232071
21799,1,hp,programmable,ducted,0,none,none,none,1,0,0,3,4,1978,1978,0,0,1,0,0,2,0,1,2,2,1,69,67,8,24.8599987030029,1,1,1,0,1,1,0,3,5,0,6,16278.603515625,NA,266,89.8650054931641,2515,Single,1.5,16,1927,15416,0.150000005960464,4936,805,171385.890625,0,2005,25,5,392.385009765625,172.360000610352,1,0,0,4.5,0,1,2009,50,tank,105.29999721050261
21905,0,none,none,none,1,faf,programmable,ducted,0,1,0,4,3,1995,1995,0,0,1,0,0,2,0,1,5,4,1,68,65,9,52.4750022888184,1,5,0,1,1,1,0,1,13,0,3,13205.283203125,95785.42090353396,365,95.0400009155273,3933,Single,1.5,19,3584,32256,0.100000001490116,6130,439,282240.03125,0,1995,22.5,6.75,582.155029296875,226.439987182617,0,1,40000,0,0,1,1994,50,tank,208.20000827312472
22138,1,faf,programmable,ducted,0,none,none,none,1,0,0,3,3,2002,1994,0,0,1,0,3,3,0,0,8,9,1,68,55,8,40.2000007629395,1,2,1,0,1,1,0,1,4,1,3,37064.40234375,NA,460,119.573226928711,4359,Single,2,15,2544,20352,0.25,5453,957,442934.4375,0,2000.5,20,4,704.333251953125,227.760009765625,1,0,0,4.5,0,0,1999,50,tank,316.80001258850103
22144,0,none,none,none,1,faf,thermostat,ducted,0,0,0,2,3,2000,2000,0,0,1,0,0,1,0,1,2,3,1,70,60,9.5,35.4000015258789,1,1,1,0,1,1,0,2,1,0,3,9604.658203125,67334.81255647581,88,139.243240356445,1660,Single,1,12,1232,11704,0.189999997615814,5453,957,442934.4375,0,2002,21.666666666666668,4.5,393.873229980469,82.879997253418,0,1,38000,0,0,0,2000,40,tank,125.95000272989273
22177,1,gshp,thermostat,ducted,0,none,none,none,1,0,0,4,2,1981,1991,1,0,1,0,0,2,0,0,0,1,1,68,60,9,178.779998779297,1,9,1,0,0,1,0,7,4,0,2,17372.56640625,NA,2683,104.329605102539,7017,Single,2,24,4779,43011,0.0900000035762787,4533,313,166107.25,0,2009.5,20.5,8,836.239624023438,344.929992675781,1,0,0,2.5,0,1,1991,80,tank,188.999996304512
22222,0,none,none,none,1,htstove,NA,zonal,0,0,0,1,2,2010,1945,0,0,1,0,1,2,0,1,0,4,1,67,67,7.5,18.2000007629395,1,1,1,0,0,1,0,1,1,0,3,5169.53173828125,NA,148,60.9315872192383,847,Single,1,6,728,5460,0.109999999403954,6776,462,171385.890625,0,1988,21,2,205.031585693359,82.5,1,0,0,0,0,1,NA,30,tank,43.399999260902405
22284,0,none,none,none,1,boiler,thermostat,radiant,1,0,0,2,3,2010,2009,1,0,1,0,2,2,0,0,7,5,0,68,68,10,60.8500022888184,1,2,1,0,1,1,0,1,5,0,2,16534.50390625,55499.87933052983,115,200.080001831055,2315,Single,1,13,2112,21120,0.0799999982118607,9104,77,83561.6015625,0,2009,25,3.5,510.480010986328,154.399993896484,1,0,0,4.5,0,1,2009,50,tank,95.15000206232071
22514,0,none,none,none,1,faf,programmable,ducted,0,0,0,3,4,2008,2001,0,0,1,0,1,4,1,0,4,6,1,70,70,8,27.7000007629395,1,7,1,0,1,1,0,5,3,3,4,14827.052734375,86907.47732131956,526,39.2133407592773,3040,Single,2,15,1901,15208,0.0900000035762787,5685,848,442934.4375,0,2000,17,4,271.593353271484,138.080001831055,0,1,38000,0,0,0,2000,40,tank,66.5999982357025
22615,0,none,none,none,1,faf,thermostat,ducted,0,0,0,2,2,2002,2000,0,0,1,0,0,2,0,1,6,2,1,72,65,9.5,43.2250022888184,1,1,1,0,1,1,0,0,1,0,2,8491.951171875,60533.758953503464,455,95.761344909668,3040,Multiplex,1,11,1441,13689.5,0.0900000035762787,7545,395,204565.09375,0,2002,26,4,278.686340332031,76.8000030517578,0,1,42000,0,0,1,1999,50,tank,60.29999840259551
22699,1,hp,programmable,ducted,0,none,none,none,0,0,0,3,3,1991,1978,0,0,1,0,0,1,0,1,3,3,1,69,60,10,54.4000015258789,1,1,1,0,1,1,0,0,1,0,1,11509.2353515625,NA,380,157.55126953125,2036,Multiplex,2,12,1760,17600,0.129999995231628,4255,397,166107.25,0,2006.5,15,8,544.261291503906,200.760009765625,1,0,0,4.5,0,1,2003,50,tank,131.55000293254852
22938,1,faf,programmable,ducted,0,none,none,none,0,0,0,2,4,1978,1974,1,0,1,0,1,2,0,0,1,6,1,72,68,8,38.5,1,4,1,0,1,1,0,4,4,0,3,24571.248046875,NA,54,74.5200042724609,2282,Single,2,15,1875,15000,0.140000000596046,5747,787,282240.03125,0,1998,21,4.5,561.140014648438,263.670013427734,1,0,0,4.5,1,1,2004,55,tank,184.4500051736832
23028,1,hp,programmable,ducted,0,none,none,none,0,0,1,3,6,2007,1988,0,0,1,0,2,7,1,0,12,12,1,70,70,8,37.75,1,7,0,0,1,1,0,4,10,2,6,24776.912109375,NA,480,81,4353,Single,1.5,20,3020,24160,0.129999995231628,5747,787,282240.03125,0,2005,20,6,567.650024414063,246.100006103516,1,0,0,4.5,0,1,2005,66,tank,195.00000774860385
23049,0,none,none,none,1,faf,programmable,ducted,1,0,0,3,4,1986,1959,1,0,1,0,1,3,0,1,3,4,1,68,55,8,122.879997253418,1,2,1,1,1,1,0,3,8,0,1,9698.2666015625,80378.65478214725,607,113.76000213623,2913,Single,1.5,15,3240,25920,0.159999996423721,5453,957,442934.4375,0,1995,20,12,921.160034179688,436.52001953125,0,1,40000,0,0,1,1993,50,tank,237.5999967455864
23138,0,none,none,none,1,faf,thermostat,ducted,0,0,1,2,6,2006,1956,1,0,1,0,0,7,1,0,6,12,0,67,67,8,31.5500011444092,1,5,1,0,1,1,0,4,6,0,3,NA,NA,151,95.0400009155273,2053,Single,1,14,2524,20192,0.0900000035762787,6130,439,171385.890625,0,2001,17,1.75,656.279968261719,415.239990234375,0,1,32000,0,0,1,2000,40,tank,114.45000261068344
23178,0,none,none,none,1,faf,programmable,ducted,0,0,0,2,3,1992,1973,0,0,1,1,0,1,0,1,0,1,0,70,70,8,89.1000061035156,1,1,1,1,0,1,0,0,8,0,1,4637.498046875,96033.15831099858,65,76.6800003051758,1100,Single,1.5,12,2376,19008,0.0599999986588955,6488,617,442934.4375,0,1993.5,15.5,2.5,564.460021972656,338.080017089844,0,1,35000,0,0,1,1986,40,tank,60.599998712539666
23267,0,none,none,none,1,faf,programmable,ducted,1,0,0,1,2,1995,1931,0,0,1,0,0,1,0,0,0,2,0,65,60,8,19.0599994659424,1,1,1,0,1,1,0,1,4,0,1,5797.861328125,42251.95686337587,800,68.0400009155273,2963,Single,2,10,2345,18760,0.200000002980232,4415,374,272743.1875,0,2005,15,1,675.390014648438,370.239990234375,0,1,40000,0,0,1,2002,50,tank,208.45000451803207
23384,1,baseboard,thermostat,zonal,0,none,none,none,1,0,0,1,1,2005,1945,1,0,1,0,1,1,0,0,0,6,1,65,60,8,175.389999389648,1,NA,1,0,0,1,0,1,2,0,2,17914.91015625,NA,835,117.716461181641,3109,Single,1,5,867,6936,0.239999994635582,4415,374,272743.1875,0,2002,21,2,774.396484375,403.839996337891,1,0,0,4.5,0,1,2008,40,tank,77.44999796152113
23618,1,baseboard,thermostat,zonal,0,none,none,none,1,0,0,2,3,1986,1976,0,0,1,1,0,1,0,0,0,3,1,70,65,8,23.9200000762939,1,1,1,0,1,1,0,0,1,0,1,15430.8828125,NA,155,35.6255340576172,2030,Single,1,10,1196,9568,0.140000000596046,5729,660,442934.4375,0,1990.5,22.5,5,256.225555419922,119.68000793457,1,0,0,4.5,0,0,2004,38,tank,77.00000166893005
24203,1,hp,programmable,ducted,0,none,none,none,0,0,0,3,4,1997,1997,0,0,1,0,3,4,1,0,3,4,1,70,70,8,25.2000007629395,1,2,1,0,1,1,0,2,6,2,5,24445.65625,NA,150,26.6431713104248,3199,Single,2,15,2016,16128,0.109999999403954,5753,710,171385.890625,0,2000,25,6,258.823181152344,126.879997253418,1,0,0,4.5,0,0,1997,50,tank,80.09999787807463
24375,1,faf,programmable,ducted,0,none,none,none,1,0,0,2,2,2008,1995,0,0,1,0,0,1,0,0,0,3,0,69,65,8,28.019998550415,1,1,0,0,0,1,0,1,3,0,1,10521.115234375,NA,720,104,1729,Single,1,10,1401,11208,0.109999999403954,6266,256,166107.25,0,2006.5,15,4,288.419982910156,98.7999954223633,1,0,0,4.5,0,1,1995,50,tank,57.59999847412109
24378,0,none,none,none,1,faf,programmable,ducted,0,0,0,2,3,1971,1958,1,0,1,0,0,2,0,1,3,10,1,68,64,8,25.4799995422363,1,1,1,0,1,1,0,3,7,1,4,10425.2470703125,53724.64453338628,440,142.520004272461,3060,Single,1.5,14,2250,18000,0.109999999403954,6130,439,282240.03125,0,1989.3333333333333,20,5,525.460021972656,259.559997558594,0,1,35500,0,0,1,1998,40,tank,97.89999783039093
24400,1,hp,programmable,ducted,0,none,none,none,0,0,1,3,4,2005,1978,0,0,1,0,1,3,1,0,5,12,1,70,65,9,127.5,1,2,1,0,1,1,0,0,4,1,3,24744.724609375,NA,1000,88.5600051879883,4360,Single,2,16,2208,19872,0.170000001788139,4673,287,166107.25,0,2004,22,4,869.690063476563,343.080017089844,1,0,0,9,0,1,2010,50,tank,294.95000827312475
24495,1,hp,thermostat,zonal,0,none,none,none,0,0,1,2,3,1998,1978,1,0,1,0,1,2,0,0,0,4,1,69,69,8,191.599990844727,1,11,1,0,1,1,0,4,5,0,4,NA,NA,520,129.567199707031,1417,Single,1,13,2395,19160,0.209999993443489,4631,154,65402.81640625,0,1993,15,2,762.477172851563,209.759994506836,1,0,0,4.5,0,0,2009,50,tank,231.5500050187111
24684,1,baseboard,thermostat,zonal,0,none,none,none,1,0,0,2,3,1961,1960,0,0,1,0,0,1,0,1,0,3,0,71,71,8,52.2750015258789,1,NA,1,0,1,1,0,0,3,0,3,31741.96875,NA,195,128.151962280273,1094,Single,1,12,2034,16272,0.150000005960464,6130,439,171385.890625,0,1999,18.333333333333332,4.5,651.516967773438,330.839996337891,1,0,0,3.799999952,0,1,2003,50,tank,140.25000303983688
24808,0,none,none,none,1,faf,programmable,ducted,0,0,0,2,3,2000,1980,0,0,1,0,0,2,0,1,5,3,1,70,68,8,24.7600002288818,1,1,0,1,1,1,0,1,4,0,1,12590.9189453125,104087.11674383571,570,5.16424131393433,2446,Single,1,10,1238,9904,0.109999999403954,5020,839,442934.4375,0,2004,21,4,216.02424621582,123.400009155273,0,1,40000,0,0,0,1998,50,tank,62.7000013589859
